fast_decay,lambda,variant,seed,pre,final_ppl,gain40,drop,w_fast_norm,abs_mean,abs_std,abs_max,cv,top1pct_mass,top5pct_mass,top10pct_mass,normalized_entropy,gini,hhi,ts_cos_stage1,ts_cos_stage2,ts_horizon,horizon_steps,horizon_censored,cos_lag1
0.02,0.5,direct,0,59.526586187583234,47.101543440383004,0.20873098128029377,12.42504274720023,11.224438667297363,0.0007491526775993407,0.000707055616658181,0.00360107421875,0.9438071250915527,0.04344741627573967,0.19026640057563782,0.3266996741294861,0.9790037870407104,0.4829362630844116,1.5209097981028208e-08,0.5986836552619934,0.7450735569000244,1.5544703687217793,60.0,True,0.8923828125
0.02,0.5,direct,1,43.010953707315466,39.60000296425017,0.0793042341324588,3.4109507430652926,11.024879455566406,0.0007364985649473965,0.0006947196670807898,0.0036163330078125,0.9432736039161682,0.043919336050748825,0.19091667234897614,0.3258076012134552,0.979007363319397,0.48273301124572754,1.520100134655422e-08,0.592448353767395,0.7410491108894348,1.5557184250666278,60.0,True,0.8884765625
0.02,0.5,direct,2,53.649082809318834,53.99191223354423,-0.006390219669623937,-0.34282942422539264,11.014973640441895,0.0007393103442154825,0.0006902787135913968,0.00360107421875,0.9336792230606079,0.04350777342915535,0.18887974321842194,0.3228070139884949,0.9793346524238586,0.47921109199523926,1.505614655172849e-08,0.5904978513717651,0.7315420508384705,1.5533433972873671,60.0,True,0.889453125
0.02,0.5,direct,3,66.07149191936799,47.77224518181631,0.276961306699168,18.299246737551677,10.97790241241455,0.0007342124590650201,0.0006912675453349948,0.003570556640625,0.9415088891983032,0.043774835765361786,0.19045129418373108,0.32550421357154846,0.9790757298469543,0.4819815158843994,1.5174245859839175e-08,0.5889505743980408,0.7392359375953674,1.5565753988013968,60.0,True,0.89189453125
0.02,0.5,nocons,0,56.107385687939,47.77352370294361,0.1485341347277718,8.333861984995387,10.93088150024414,0.0007321690209209919,0.0006869769422337413,0.0035858154296875,0.9382764101028442,0.04381662234663963,0.19025465846061707,0.3241014778614044,0.97916579246521,0.4808492660522461,1.5125369401403077e-08,0.6547315120697021,0.7698317766189575,1.5403984384067653,60.0,True,0.89970703125
0.02,0.5,nocons,1,44.19498638488309,39.98185474183781,0.09533053379300017,4.21313164304528,10.845146179199219,0.0007273951196111739,0.0006806247984059155,0.003570556640625,0.9357016086578369,0.04380085691809654,0.18972669541835785,0.3224760890007019,0.9791892170906067,0.48061907291412354,1.508655600446218e-08,0.628803551197052,0.7554178833961487,1.5457348546391736,60.0,True,0.89775390625
0.02,0.5,nocons,2,55.749110042938675,55.54892960930658,0.003590737744116634,0.2001804336320916,10.785337448120117,0.0007237251265905797,0.000677129253745079,0.0035858154296875,0.9356166124343872,0.04398985952138901,0.18986478447914124,0.3225806653499603,0.9792307019233704,0.48016130924224854,1.5085278803894653e-08,0.6345616579055786,0.7579497694969177,1.5443041648216487,60.0,True,0.899609375
0.02,0.5,nocons,3,66.2653919652227,49.18119471405441,0.2578147769824465,17.08419725116829,10.78848934173584,0.0007245649467222393,0.0006766146398149431,0.003570556640625,0.9338219165802002,0.043720196932554245,0.18932472169399261,0.32229170203208923,0.9792782664299011,0.47960054874420166,1.5058288838076805e-08,0.641725480556488,0.7619845271110535,1.542836143468975,60.0,True,0.9015625
0.02,0.5,shufwrite,0,56.78524271841218,47.83466211122859,0.1576215963638284,8.95058060718359,10.966289520263672,0.0007345484336838126,0.000688949367031455,0.0035858154296875,0.9379222989082336,0.04372503235936165,0.19007162749767303,0.32405558228492737,0.9791741967201233,0.48078715801239014,1.512002612003016e-08,0.6548928022384644,0.7700338959693909,1.5404024620619925,60.0,True,0.8998046875
0.02,0.5,shufwrite,1,44.83263951471352,40.354739402868574,0.09988035860291818,4.477900111844946,10.884560585021973,0.0007296761032193899,0.0006832535727880895,0.003570556640625,0.9363792538642883,0.043760284781455994,0.18979138135910034,0.32277822494506836,0.9791663885116577,0.4808884859085083,1.5096761174504536e-08,0.6286875009536743,0.7560074925422668,1.5459740203390018,60.0,True,0.89765625
0.02,0.5,shufwrite,2,55.64663288514618,55.61351788284459,0.000595094448390815,0.033115002301592256,10.80225944519043,0.0007247976027429104,0.0006781006813980639,0.00360107421875,0.9355724453926086,0.043977413326501846,0.1898544281721115,0.3225821256637573,0.979231595993042,0.4801468849182129,1.5084610893723038e-08,0.6350406408309937,0.7581587433815002,1.5441853850732568,60.0,True,0.8994140625
0.02,0.5,shufwrite,3,66.76258293693287,49.2338684100323,0.2625529713770816,17.528714526900572,10.809396743774414,0.0007254572119563818,0.0006783628487028182,0.0035858154296875,0.9350832104682922,0.04378312826156616,0.18961603939533234,0.322735458612442,0.9792405366897583,0.47999799251556396,1.5077249670980564e-08,0.6425803899765015,0.7629488110542297,1.5428196087955544,60.0,True,0.9013671875
0.02,0.75,direct,0,65.38721174074672,47.62322626937091,0.27167369579556483,17.76398547137581,19.63814353942871,0.001294519635848701,0.0012786329025402665,0.0064697265625,0.987727701663971,0.04565542936325073,0.1994258016347885,0.34191960096359253,0.9776793718338013,0.4965399503707886,1.5891490789954332e-08,0.6489958763122559,0.8165487051010132,1.5571640163369105,60.0,True,0.92734375
0.02,0.75,direct,1,46.30307696378067,39.81969727387086,0.14002049356204252,6.48337968990981,19.390296936035156,0.0012803077697753906,0.0012617355678230524,0.0064697265625,0.9854939579963684,0.046017713844776154,0.19986654818058014,0.34084996581077576,0.9777711629867554,0.4954102039337158,1.5856036483796743e-08,0.6441444754600525,0.8142568469047546,1.5583215226275522,60.0,True,0.92451171875
0.02,0.75,direct,2,58.422068885565366,53.00338655287797,0.09275060668086367,5.418682332687396,19.309934616088867,0.0012804643483832479,0.0012514404952526093,0.0064697265625,0.9773333668708801,0.045792825520038605,0.19839847087860107,0.33816128969192505,0.9780581593513489,0.4924190044403076,1.5727195545878203e-08,0.6420701742172241,0.8049549460411072,1.556282634469678,60.0,True,0.92470703125
0.02,0.75,direct,3,70.07953482466881,47.664198707313965,0.3198556636175671,22.415336117354848,19.255901336669922,0.001275793882086873,0.001249837689101696,0.0064697265625,0.979654848575592,0.045828986912965775,0.19890853762626648,0.33915218710899353,0.9779877066612244,0.493069052696228,1.5763738758778345e-08,0.6394191384315491,0.8116899728775024,1.5593583325689917,60.0,True,0.92578125
0.02,0.75,nocons,0,57.60197867439768,47.83309399450847,0.16959286650739974,9.768884679889211,19.11691665649414,0.0012627069372683764,0.001245473395101726,0.0064697265625,0.9863519072532654,0.04627266153693199,0.20060153305530548,0.34101733565330505,0.9777494668960571,0.4954594373703003,1.5869645153543388e-08,0.6840214729309082,0.8306424021720886,1.5484004839790644,60.0,True,0.932421875
0.02,0.75,nocons,1,42.65868170360277,39.36955358404691,0.0771033700105662,3.289128119555855,18.836265563964844,0.0012449685018509626,0.0012278081849217415,0.0064697265625,0.9862162470817566,0.04676176980137825,0.20144666731357574,0.3403673470020294,0.9777565598487854,0.4951765537261963,1.5867492209054035e-08,0.6777803897857666,0.8277226090431213,1.5497980473549349,60.0,True,0.928515625
0.02,0.75,nocons,2,53.541239027194486,55.141617646347406,-0.029890578705884286,-1.6003786191529201,18.744422912597656,0.0012434337986633182,0.0012178231263533235,0.0064697265625,0.9794032573699951,0.04653260111808777,0.20005950331687927,0.33817780017852783,0.9779936671257019,0.49274778366088867,1.5759773930312804e-08,0.6794723272323608,0.8237879276275635,1.5480008700850838,60.0,True,0.93017578125
0.02,0.75,nocons,3,65.70041253761656,48.49373235613226,0.26189607518267355,17.206680181484295,18.786149978637695,0.0012426688335835934,0.0012244044337421656,0.0064697265625,0.9853022694587708,0.04655156284570694,0.20094849169254303,0.3402889668941498,0.9777836799621582,0.4949697256088257,1.585299713724453e-08,0.6775354743003845,0.8278798460960388,1.5499345163287113,60.0,True,0.93076171875
0.02,0.75,shufwrite,0,58.477978394500305,47.28491567395133,0.19140645808647944,11.193062720548973,19.17422866821289,0.0012664645910263062,0.001248729880899191,0.0064697265625,0.985996663570404,0.04618055745959282,0.20039060711860657,0.3409392237663269,0.9777550101280212,0.4954380989074707,1.586401054964881e-08,0.6838861107826233,0.8301060795783997,1.5482895386537328,60.0,True,0.93203125
0.02,0.75,shufwrite,1,43.155730431505084,39.64188107438582,0.08142254393530178,3.5138493571192626,18.867856979370117,0.0012459667632356286,0.0012308855075389147,0.0064697265625,0.9878959655761719,0.046797484159469604,0.20175935328006744,0.34098657965660095,0.9777028560638428,0.49572718143463135,1.589416598335447e-08,0.6778144240379333,0.828234851360321,1.5499387469518922,60.0,True,0.9291015625
0.02,0.75,shufwrite,2,54.11087397813772,54.671883712455376,-0.01036778179824486,-0.5610097343176577,18.77790069580078,0.0012452156515792012,0.0012201548088341951,0.0064697265625,0.979874312877655,0.04652859643101692,0.20012953877449036,0.3383437991142273,0.9779759645462036,0.49293720722198486,1.5767197325544657e-08,0.6800554394721985,0.8241533637046814,1.5478982452197292,60.0,True,0.93037109375
0.02,0.75,shufwrite,3,66.42645178463006,48.337763471632854,0.2723115239038346,18.088688312997206,18.714048385620117,0.0012369275791570544,0.0012214573798701167,0.0064697265625,0.9874930381774902,0.0467311255633831,0.20155279338359833,0.34094175696372986,0.9777194857597351,0.4955909252166748,1.588776576966211e-08,0.6789836883544922,0.8301077485084534,1.5500712072384804,60.0,True,0.93212890625
0.02,1.0,direct,0,72.59958438169863,48.52541337943316,0.3316020498918206,24.074171002265473,31.270292282104492,0.002016327576711774,0.002053562318906188,0.0106201171875,1.018466591835022,0.04736080765724182,0.20521622896194458,0.3516823649406433,0.9766911268234253,0.5064849853515625,1.638754376642737e-08,0.6937880516052246,0.8672540783882141,1.5555609689995102,60.0,True,0.9478515625
0.02,1.0,direct,1,51.810451785107794,40.30763928190835,0.2220172205969022,11.502812503199443,31.060409545898438,0.0020030145533382893,0.0020406178664416075,0.01068115234375,1.0187733173370361,0.04789046198129654,0.2065320909023285,0.35186028480529785,0.97674161195755,0.5056319236755371,1.6392569079926034e-08,0.6905617713928223,0.8676266074180603,1.5568175319598916,60.0,True,0.9462890625
0.02,1.0,direct,2,64.65783088580203,53.423485034340274,0.1737507382718071,11.234345851461754,30.883052825927734,0.0020000541117042303,0.0020217683631926775,0.0106201171875,1.0108568668365479,0.047518156468868256,0.204729363322258,0.3492070734500885,0.9769989848136902,0.5031708478927612,1.626332313264811e-08,0.6895339488983154,0.8599401116371155,1.5549883883438214,60.0,True,0.946484375
0.02,1.0,direct,3,76.92318241681328,48.43973123200651,0.37028435758764283,28.483451184806768,30.743480682373047,0.0019910463597625494,0.0020136625971645117,0.0106201171875,1.0113589763641357,0.04754061996936798,0.20498515665531158,0.3494621217250824,0.9769876003265381,0.5032138824462891,1.6271494374109352e-08,0.6858982443809509,0.8647148609161377,1.5576599720214948,60.0,True,0.94716796875
0.02,1.0,nocons,0,63.851503077864244,47.31749351031326,0.25894471970986255,16.53400956755098,30.57477569580078,0.001969769364222884,0.002014047233387828,0.0106201171875,1.022478699684143,0.048238568007946014,0.20782186090946198,0.353138267993927,0.9766368865966797,0.5064806938171387,1.6453409301675492e-08,0.7243219614028931,0.8791872262954712,1.5482894847378044,60.0,True,0.9513671875
0.02,1.0,nocons,1,44.74710285376853,39.799706070947686,0.11056351064757668,4.947396782820846,30.202970504760742,0.0019490033155307174,0.001988426549360156,0.0106201171875,1.0202274322509766,0.04860759526491165,0.20832380652427673,0.3520846366882324,0.9767383337020874,0.505250096321106,1.641641844685182e-08,0.719667375087738,0.8771923780441284,1.5493233681440846,60.0,True,0.94970703125
0.02,1.0,nocons,2,57.21752757897802,53.82734182366728,0.05925082573047614,3.390185755310739,30.00580406188965,0.0019430812681093812,0.0019700152333825827,0.0106201171875,1.0138614177703857,0.048529814928770065,0.20729473233222961,0.34993183612823486,0.9769718647003174,0.5028680562973022,1.631225998721675e-08,0.7193368673324585,0.8714823126792908,1.5478198425246885,60.0,True,0.949609375
0.02,1.0,nocons,3,69.40307853179426,47.754548725379955,0.31192463309097873,21.64852980641431,29.935420989990234,0.0019352476811036468,0.001969443866983056,0.01055908203125,1.0176701545715332,0.04846283048391342,0.20792792737483978,0.3513046205043793,0.9768288731575012,0.5043195486068726,1.6374496425441976e-08,0.7180522680282593,0.8770791888237,1.5498475909657268,60.0,True,0.95078125
0.02,1.0,shufwrite,0,64.22946077913203,47.25400510860647,0.26429391535606406,16.975455670525555,30.636064529418945,0.0019731633365154266,0.002018278930336237,0.0106201171875,1.022864580154419,0.04817591607570648,0.20775188505649567,0.3532801568508148,0.9766161441802979,0.5067269802093506,1.6459761553733188e-08,0.7243980169296265,0.8791550397872925,1.5482544129766782,60.0,True,0.95185546875
0.02,1.0,shufwrite,1,44.88600903722168,39.709897005349404,0.11531682461632961,5.176112031872279,30.2353572845459,0.0019501041388139129,0.0019913609139621258,0.01068115234375,1.0211561918258667,0.04863513633608818,0.20848584175109863,0.3523969352245331,0.9767071008682251,0.5055652856826782,1.643167202303175e-08,0.7203956246376038,0.8779223561286926,1.5492789086360539,60.0,True,0.949609375
0.02,1.0,shufwrite,2,57.481470879611656,53.919596962865256,0.061965601475409984,3.5618739167464,30.046798706054688,0.0019451365806162357,0.0019730201456695795,0.0106201171875,1.014335036277771,0.048522986471652985,0.2073407769203186,0.3501010239124298,0.9769536256790161,0.5030626058578491,1.63199853631113e-08,0.7196152210235596,0.8715288639068604,1.5477372364709334,60.0,True,0.9498046875
0.02,1.0,shufwrite,3,71.25209805481356,47.97091067134534,0.3267438857106808,23.28118738346822,29.9719181060791,0.0019359529251232743,0.0019732266664505005,0.01055908203125,1.0192534923553467,0.04850749671459198,0.20818082988262177,0.35180726647377014,0.9767723083496094,0.504905104637146,1.6400440117081416e-08,0.7189164757728577,0.8779771327972412,1.5498031478649386,60.0,True,0.95078125
0.02,1.05,direct,0,73.55161915065823,48.80703315277156,0.336424762413476,24.744585997886666,33.5654182434082,0.0021869533229619265,0.002235652646049857,0.0115966796875,1.0222680568695068,0.04747770354151726,0.2058427482843399,0.35283583402633667,0.9765602350234985,0.5078170299530029,1.6449941853124983e-08,0.7030590176582336,0.8757652640342712,1.5546945750640775,60.0,True,0.95126953125
0.02,1.05,direct,1,52.89850863908216,40.5389594910336,0.23364645745262372,12.359549148048558,33.42624282836914,0.002174478955566883,0.0022202434483915567,0.0115966796875,1.0210461616516113,0.04782413691282272,0.20686078071594238,0.3526317775249481,0.9766618013381958,0.5064548254013062,1.6429863691769242e-08,0.7000464200973511,0.875680685043335,1.555731180980828,60.0,True,0.94951171875
0.02,1.05,direct,2,66.57283864078282,53.434022881994764,0.19736000487651068,13.138815758788056,33.2741584777832,0.0021681650541722775,0.0022005594801157713,0.0115966796875,1.0149409770965576,0.047582268714904785,0.20542021095752716,0.3505345582962036,0.976860523223877,0.5045861005783081,1.632987789434992e-08,0.6993190050125122,0.8687809705734253,1.5540341713536447,60.0,True,0.95009765625
0.02,1.05,direct,3,78.45869534451461,48.03996068381693,0.38770380423900824,30.41873466069768,33.157379150390625,0.0021570080425590277,0.0021927126217633486,0.01153564453125,1.0165528059005737,0.04772912338376045,0.20590569078922272,0.3510509133338928,0.9768104553222656,0.50502610206604,1.6356215937207708e-08,0.6956208944320679,0.8735997676849365,1.5567093199667537,60.0,True,0.95126953125
0.02,1.05,nocons,0,65.66434778939703,47.72877305712555,0.2731402250395545,17.935574732271476,33.0423698425293,0.002136852825060487,0.002192420419305563,0.0115966796875,1.026004433631897,0.048327941447496414,0.20842428505420685,0.3542982339859009,0.9765206575393677,0.5076403617858887,1.6511505052108078e-08,0.7320796847343445,0.8866214156150818,1.5477363396019737,60.0,True,0.95478515625
0.02,1.05,nocons,1,45.703373123216224,39.83761127224089,0.12834417790479594,5.865761850975332,32.771297454833984,0.0021148785017430782,0.0021671459544450045,0.01153564453125,1.0247141122817993,0.048646166920661926,0.20908795297145844,0.3536564111709595,0.9765905737876892,0.5067329406738281,1.6490222520815223e-08,0.7281470894813538,0.8852468729019165,1.5486861197833226,60.0,True,0.95302734375
0.02,1.05,nocons,2,58.58031322322106,53.65639013030964,0.08405422951817872,4.923923092911423,32.61526107788086,0.0021083264146000147,0.0021471723448485136,0.01165771484375,1.0184249877929688,0.04861820116639137,0.20808802545070648,0.35151734948158264,0.9768242835998535,0.5043566226959229,1.638686164540104e-08,0.7276734709739685,0.8796104788780212,1.5472651418929568,60.0,True,0.95322265625
0.02,1.05,nocons,3,70.19738529067261,47.74246731595741,0.31988254094841434,22.4549179747152,32.607059478759766,0.002107175998389721,0.0021479364950209856,0.01153564453125,1.019343614578247,0.04842787981033325,0.20812050998210907,0.3519842028617859,0.9767783284187317,0.5048372745513916,1.6401919822328637e-08,0.7247269153594971,0.8835286498069763,1.5493708020935844,60.0,True,0.95380859375
0.02,1.05,shufwrite,0,65.69618725580793,47.066998956471934,0.2835657452509021,18.629188299335993,33.0914192199707,0.002140578581020236,0.002197006717324257,0.0115966796875,1.026361107826233,0.048260126262903214,0.20833244919776917,0.35442686080932617,0.9765006303787231,0.5078861713409424,1.6517397227744368e-08,0.7321892976760864,0.8865127563476562,1.5476688894932686,60.0,True,0.95478515625
0.02,1.05,shufwrite,1,45.74805166485499,39.796306785680265,0.1300983246844375,5.951744879174726,32.80028533935547,0.0021167329978197813,0.0021699899807572365,0.0115966796875,1.0251599550247192,0.04865771159529686,0.20915354788303375,0.3538011908531189,0.9765750765800476,0.5068928003311157,1.6497571309059822e-08,0.7287571430206299,0.885692298412323,1.548603304434359,60.0,True,0.9525390625
0.02,1.05,shufwrite,2,58.75106277955251,53.72919785217061,0.08547700568796682,5.021864927381905,32.65350341796875,0.0021110051311552525,0.0021506422199308872,0.01165771484375,1.0187764167785645,0.04860006645321846,0.20810672640800476,0.3516467809677124,0.9768098592758179,0.5045144557952881,1.6392620594274376e-08,0.7278945446014404,0.8795653581619263,1.547177168556351,60.0,True,0.95322265625
0.02,1.05,shufwrite,3,71.51483932141404,47.9645205858704,0.32930674191547615,23.55031873554364,32.59273910522461,0.0021028006449341774,0.002150211250409484,0.0115966796875,1.022546410560608,0.048592060804367065,0.20875424146652222,0.35296162962913513,0.976669430732727,0.5059267282485962,1.6454526630127475e-08,0.7265728116035461,0.8851751089096069,1.5492019549978897,60.0,True,0.9537109375
0.02,1.1,direct,0,74.78399748687133,48.94804397248232,0.34547435791894693,25.83595351438901,36.27235412597656,0.00236561824567616,0.002421851037070155,0.0123291015625,1.023770809173584,0.047278210520744324,0.20588773488998413,0.35332274436950684,0.9764940738677979,0.5085523128509521,1.647467762211363e-08,0.7109416723251343,0.8832169771194458,1.5540332999022193,60.0,True,0.95439453125
0.02,1.1,direct,1,53.671353255905316,40.64145583094005,0.242771918994452,13.029897424965263,36.08912658691406,0.0023558451794087887,0.0024084679316729307,0.01226806640625,1.0223370790481567,0.04755685105919838,0.20680269598960876,0.3531278669834137,0.9766017198562622,0.5071450471878052,1.645108049785904e-08,0.7076781988143921,0.8823762536048889,1.5549346138821512,60.0,True,0.953125
0.02,1.1,direct,2,68.6135961882992,53.508088428011966,0.22015327281246921,15.105507760287232,35.816341400146484,0.002345199231058359,0.0023858731146901846,0.0123291015625,1.017343521118164,0.047341033816337585,0.20559747517108917,0.35138842463493347,0.9767626523971558,0.5056525468826294,1.636915136771222e-08,0.7082517743110657,0.8770827054977417,1.5532477320517992,60.0,True,0.95341796875
0.02,1.1,direct,3,80.44307230785394,48.147389581427134,0.40147251714643506,32.295682726426804,35.65175247192383,0.0023334345314651728,0.002377553144469857,0.01226806640625,1.0189071893692017,0.047636233270168304,0.20617271959781647,0.35181525349617004,0.976721465587616,0.5059772729873657,1.6394761104265854e-08,0.7041015625,0.8814546465873718,1.5559277189515262,60.0,True,0.95419921875
0.02,1.1,nocons,0,67.62961652867209,47.8334389757762,0.29271462073872845,19.79617755289589,35.476707458496094,0.0023121037520468235,0.0023768681567162275,0.012451171875,1.0280110836029053,0.04816451296210289,0.20859304070472717,0.35505035519599915,0.9764441251754761,0.5084567070007324,1.6544657199801804e-08,0.739382266998291,0.8937982320785522,1.5472746169720815,60.0,True,0.9576171875
0.02,1.1,nocons,1,46.64724255185295,39.78716123223069,0.14706295472870903,6.86008131962226,35.14813995361328,0.0022900179028511047,0.002354477997869253,0.0123291015625,1.0281482934951782,0.04856245219707489,0.20957033336162567,0.3549419045448303,0.9764721393585205,0.507943868637085,1.6546930936556237e-08,0.7361764311790466,0.8933988809585571,1.548240314089342,60.0,True,0.95615234375
0.02,1.1,nocons,2,59.79996210699886,53.41877886420036,0.10670881749692045,6.3811832427985,34.906341552734375,0.0022821701131761074,0.0023320794571191072,0.0123291015625,1.0218693017959595,0.04846421256661415,0.20851750671863556,0.3528197407722473,0.9767008423805237,0.5056537389755249,1.6443390649101275e-08,0.7360497117042542,0.8882339596748352,1.5468465732470762,60.0,True,0.956640625
0.02,1.1,nocons,3,71.43347818637925,47.792272630930064,0.3309541430107351,23.641205555449183,34.93702697753906,0.002283994108438492,0.0023333232384175062,0.0123291015625,1.0215977430343628,0.048402607440948486,0.208450585603714,0.3528405427932739,0.9767066240310669,0.5055646896362305,1.64389284407207e-08,0.7324740290641785,0.8913561105728149,1.5489220139565074,60.0,True,0.956640625
0.02,1.1,shufwrite,0,67.3817437441371,47.104721604507205,0.3009275363461368,20.277022139629892,35.54059982299805,0.002315904013812542,0.0023809659760445356,0.0123291015625,1.0280935764312744,0.04808742180466652,0.20843791961669922,0.35507553815841675,0.9764320254325867,0.5086268186569214,1.6546026770924982e-08,0.7394130825996399,0.893682062625885,1.5472320857964896,60.0,True,0.95751953125
0.02,1.1,shufwrite,1,46.69361472596118,39.483140436874265,0.15442099163674228,7.210474289086918,35.197975158691406,0.0022931434214115143,0.0023578316904604435,0.0123291015625,1.0282094478607178,0.04854310676455498,0.20953400433063507,0.35496288537979126,0.9764681458473206,0.5080010890960693,1.6547939907241016e-08,0.7366626858711243,0.8935909271240234,1.5481300087305392,60.0,True,0.95615234375
0.02,1.1,shufwrite,2,60.0855443600945,53.55781085480133,0.1086406651518752,6.52773350529317,34.946197509765625,0.0022846453357487917,0.002335242461413145,0.012451171875,1.0221465826034546,0.048447877168655396,0.20853646099567413,0.3529243469238281,0.9766896963119507,0.5057741403579712,1.6447947004394337e-08,0.7361873984336853,0.8881099820137024,1.5467656309148798,60.0,True,0.95654296875
0.02,1.1,shufwrite,3,72.22740095585782,47.775565421214736,0.33853960146768897,24.45183553464308,34.94062423706055,0.0022822997998446226,0.002335825003683567,0.0123291015625,1.0234522819519043,0.04846469685435295,0.20876668393611908,0.3534102141857147,0.9766404032707214,0.5062447786331177,1.646943559308056e-08,0.7333880662918091,0.8922233581542969,1.5488540156257231,60.0,True,0.9568359375
0.02,1.2,direct,0,77.37693367586334,48.896658236499434,0.3680719057525529,28.480275439363908,42.70268249511719,0.002754468470811844,0.0028201399836689234,0.0142822265625,1.0238418579101562,0.04676530882716179,0.20523948967456818,0.3533569276332855,0.9764513969421387,0.5091650485992432,1.6475846464913957e-08,0.7244977355003357,0.895175576210022,1.55268897112636,60.0,True,0.959765625
0.02,1.2,direct,1,55.88284103235875,41.2518043164521,0.26181626498614485,14.631036715906646,42.683509826660156,0.0027508132625371218,0.0028207586146891117,0.0142822265625,1.0254271030426025,0.04742111638188362,0.2068479359149933,0.3540976941585541,0.9764712452888489,0.5085927248001099,1.6501980226735213e-08,0.7218177318572998,0.8954415917396545,1.5536784229186562,60.0,True,0.958203125
0.02,1.2,direct,2,71.98030781793048,53.94479950102439,0.2505617003267857,18.03550831690609,42.25935363769531,0.002731947461143136,0.0027879844419658184,0.01422119140625,1.0205117464065552,0.047140125185251236,0.20566141605377197,0.3524520695209503,0.9766291379928589,0.5071227550506592,1.6421086712625765e-08,0.7231101989746094,0.8903104662895203,1.551815459822296,60.0,True,0.95908203125
0.02,1.2,direct,3,84.35373902172458,48.65623350944962,0.42318818260185687,35.69750551227496,42.05238342285156,0.0027195317670702934,0.0027749952860176563,0.01422119140625,1.0203945636749268,0.04745909199118614,0.20611749589443207,0.3522765338420868,0.9766548275947571,0.5067552328109741,1.6419162918168695e-08,0.7180766463279724,0.8936814069747925,1.5544761542487646,60.0,True,0.959375
0.02,1.2,nocons,0,71.02462125134836,47.92780053726737,0.32519456361961957,23.09682071408099,41.79690170288086,0.0026890230365097523,0.0027741286903619766,0.01422119140625,1.0316492319107056,0.04800454527139664,0.20888212323188782,0.35631150007247925,0.9763044118881226,0.5099382400512695,1.6604937869146852e-08,0.7520958781242371,0.9059682488441467,1.546401212177858,60.0,True,0.9623046875
0.02,1.2,nocons,1,48.82753515853372,39.63313008017666,0.18830369070452918,9.194405078357057,41.61805725097656,0.002674945630133152,0.0027654890436679125,0.0142822265625,1.0338486433029175,0.048669200390577316,0.21044707298278809,0.3568968176841736,0.9762839674949646,0.5098323822021484,1.6641481082046994e-08,0.7490878701210022,0.9062603116035461,1.5474741336045692,60.0,True,0.96171875
0.02,1.2,nocons,2,61.601284116521725,53.59431440510616,0.12998056495494484,8.006969711415564,41.28752517700195,0.002664446597918868,0.0027355363126844168,0.0142822265625,1.026680827140808,0.04837793484330177,0.20900283753871918,0.3545473515987396,0.9765275120735168,0.5074793100357056,1.6522676560271066e-08,0.7492872476577759,0.9008530378341675,1.5459251227028878,60.0,True,0.9619140625
0.02,1.2,nocons,3,74.13635682286812,47.27821399227871,0.3622803167245028,26.858142830589415,41.26958465576172,0.0026635932736098766,0.0027340769302099943,0.0142822265625,1.0264618396759033,0.04844023659825325,0.20915749669075012,0.35450857877731323,0.9765428900718689,0.5072444677352905,1.6519058121389207e-08,0.7454444169998169,0.9038533568382263,1.5480231472906738,60.0,True,0.96220703125
0.02,1.2,shufwrite,0,71.01075399566568,47.93100302684477,0.32501768633846134,23.07975096882091,41.927520751953125,0.002697570016607642,0.0027815725188702345,0.0142822265625,1.0311400890350342,0.04788711294531822,0.208604097366333,0.3561477065086365,0.9763116836547852,0.5099185705184937,1.6596491292375504e-08,0.7516374588012695,0.9050951600074768,1.5463133578297472,60.0,True,0.96259765625
0.02,1.2,shufwrite,1,48.896547486842955,39.209461135697,0.19811391292509048,9.687086351145958,41.67863845825195,0.0026790250558406115,0.0027688511181622744,0.0142822265625,1.0335294008255005,0.04860030859708786,0.21028625965118408,0.3567998707294464,0.9762886762619019,0.5098165273666382,1.6636169775097187e-08,0.749283492565155,0.9062093496322632,1.5473955105897084,60.0,True,0.96142578125
0.02,1.2,shufwrite,2,62.00595357309776,53.55794812363175,0.13624506942719297,8.44800544946601,41.349788665771484,0.002667828928679228,0.0027398187667131424,0.0142822265625,1.026984453201294,0.048344098031520844,0.20899905264377594,0.35466456413269043,0.9765138030052185,0.5076313018798828,1.6527689439271853e-08,0.7493470907211304,0.9007911086082458,1.545888283159757,60.0,True,0.96201171875
0.02,1.2,shufwrite,3,74.99289848051622,47.509680137536556,0.3664776118784105,27.48321834297966,41.31222915649414,0.002665773266926408,0.0027371367905288935,0.0142822265625,1.0267702341079712,0.04839460179209709,0.2091025412082672,0.3546053171157837,0.9765249490737915,0.5074613094329834,1.6524154489161447e-08,0.7458801865577698,0.9043456315994263,1.548013260760462,60.0,True,0.9623046875
